Наименование;Цена;Ед.;Артикул
    150212 (6212) подшипник пер.вала зад.КПП ЗИЛ !_;431,00 руб.;шт;395644
    50310 (6310) подшипник вторичного вала зад.КПП ЗИЛ !_;462,00 руб.;шт;395645
    7516 Подшипник дифференциала ЗИЛ (32216);954,00 руб.;шт;395646
    7517 Подшипник задней ступицы ЗИЛ внутренний (32217);1 210,00 руб.;шт;395647
    7611 подшипник ступ.пер.внутр. ПАЗ,ЗиЛ;1 390,00 руб.;шт;395648
    Амортизатор ПАЗ,Камаз с металлич пыльником 53212;1 760,00 руб.;шт;395649
    Бампер ПАЗ 3205 зад пласт серый;1 362,00 руб.;шт;395650
    Бампер ПАЗ 3205 пер пласт серый;1 473,00 руб.;шт;395651
    Барабан тормозной ПАЗ 3205 высокий перед (высота 200мм) (6 шпилек, ступица 160мм) (Канаш);4 143,00 руб.;шт;395652
    Барабан тормозной ПАЗ 3205 низкий зад (высота 177 мм 6 шпилек, ступица 160мм) (Канаш);4 450,00 руб.;шт;395653
    Барабан тормозной ПАЗ Аврора зад (Рязанский мост) (8 шпилек);8 820,00 руб.;шт;395654
    Бачок расширит ПАЗ ВЕКТОР голый;357,00 руб.;шт;395655
    Блок управл стеклоочистителем ПАЗ (БУС-01) _;2 933,00 руб.;шт;395656
    Боковина бампера ПАЗ заднего резинов (накладка);350,00 руб.;шт;395657
    Болт штуцер на форсунку 240 дв Е2 ПАЗ (М8х19);70,00 руб.;шт;395658
    Болт штуцер на форсунку 240 дв Е2 ПАЗ (средний) (М8х30) под 2 отв;175,00 руб.;шт;395659
    Болт штуцер на форсунку ЗИЛ-5301 (М10х22);100,00 руб.;шт;395660
    Вакуумный усилитель тормозов ПАЗ 3205 без цилиндра;2 481,00 руб.;шт;395661
    Вакуумный усилитель тормозов ПАЗ 3205 в сб с цил;5 587,00 руб.;шт;395662
    Вал первичный КПП ПАЗ 5-ти ступ (Z=22, L=285) (городской) !_;11 890,00 руб.;шт;395663
    Валик акселератора ПАЗ промеж в сб с кронштейном;406,00 руб.;шт;395664
    Валик водяного насоса ПАЗ (вентилятора);760,00 руб.;шт;395665
    Вкладыш рул пальца Бычок 4331 верхн !_;65,00 руб.;шт;395666
    Вкладыш рул пальца ЗИЛ-130 продольной тяги (сухарь) !_;52,00 руб.;шт;395667
    Водоотделитель ПАЗ (влагомаслоотделитель);3 229,00 руб.;шт;395668
    Втулка аморт ПАЗ,КАМАЗ;23,00 руб.;шт;395669
    Втулка балансира (ушка пружины) ПАЗ;92,00 руб.;шт;395670
    Втулка кулака разжимного Камаз (медн. с желобком);136,00 руб.;шт;395671
    Втулка кулака разжимного Камаз (медн/сеп);56,00 руб.;шт;395672
    Втулка кулака разжимного Камаз (молибден);45,00 руб.;шт;395673
    Втулка кулака разжимного ПАЗ-3205 медн (ф38х41 высот 28,5 мм);108,00 руб.;шт;395674
    Втулка педали сцепления ПАЗ-3205;38,00 руб.;шт;395675
    Втулка педали тормоза ПАЗ;8,00 руб.;шт;395676
    Втулка стабилизатора КАВЗ (стойки) конус;160,00 руб.;шт;395677
    Втулка шкворня ПАЗ,ЗИЛ-130 Бронза ;485,00 руб.;шт;395678
    Втулка шкворня ПАЗ,ЗИЛ-130 Медная ;172,00 руб.;шт;395679
    Выжимной подшипник ПАЗ 245 дв без вилки;2 157,00 руб.;шт;395680
    Выключатель сигнала торм гидравл КАМАЗ,ЗИЛ (плоские клеммы) (М12);307,00 руб.;шт;395681
    Гайка крепления коррект пруж (бол) ПАЗ;134,00 руб.;шт;395682
    Гайка М16х1,5 S-24 H-13 стандартн (кард. вала, полуоси, крепл.редуктора);15,00 руб.;шт;395683
    Генератор ПАЗ 245 дв 28Вольт 100А (КЗАТЭ) ;9 256,00 руб.;шт;395684
    Генератор ПАЗ дв.ЗМЗ-523 БОЛЬШОЙ (14В, 80А) Г-287 (1 ручей);9 170,00 руб.;шт;395685
"    Генератор ПАЗ дв.ЗМЗ-523 Малый (14В/110А) (""АТЭ-1""/Прамо) аналог 291.3771";8 141,00 руб.;шт;395686
    Глушитель ПАЗ 3205 с длин трубой (нов);1 023,00 руб.;шт;395687
    Глушитель ПАЗ 3205 с корот трубой (стар);928,00 руб.;шт;395688
    Глушитель ПАЗ 3205-70 с фланцами (3 отв х 3 отв) Автоглушитель **;2 746,00 руб.;шт;395689
    Держатель фланца приемной трубы ПАЗ 3205 (стаканчик);60,00 руб.;шт;395690
    Диодный мост генер ПАЗ Г288/287 110А (12 диодов) с проводом;1 205,00 руб.;шт;395691
    Диодный мост генер ПАЗ Г288/287 80А (6 диодов);1 020,00 руб.;шт;395692
    Диск сцепл ведомый 245 дв ТОЛЬКО ПАЗ (вал 38 мм)  (КПП ЗиЛовская);6 909,00 руб.;шт;395693
    Замок бензолюка и мотолюка ПАЗ;206,00 руб.;шт;395694
    Замок бокового и заднего люка ПАЗ-3205 (квадр) ;391,00 руб.;шт;395695
    Замок двери водителя ПАЗ;845,00 руб.;шт;395696
    Зеркало ПАЗ Вектор/3204 в сб с держателем прав (без подогрева) (на дуге);9 255,00 руб.;шт;395697
    Камера тормозная КамАЗ передняя тип 24 (короткий шток) (РААЗ);1 788,00 руб.;шт;395698
    Камера тормозная КамАЗ,ЗИЛ задняя тип 20/20 с энергоаккум прав (960-3519100 );4 690,00 руб.;шт;395699
    Камера тормозная ПАЗ задняя с энергоаккумулятор (тип 24);6 708,00 руб.;шт;395700
    Катушка зажигания Б-114Б ПАЗ _;1 049,00 руб.;шт;395701
    Клапан защитный двойной ПАЗ;1 098,00 руб.;шт;395702
    Клапан защитный одинарный ЗИЛ (РААЗ);902,00 руб.;шт;395703
    Клапан защитный одинарный ПАЗ;482,00 руб.;шт;395704
    Клапан ускорительный ПАЗ с шумогасителем;1 610,00 руб.;шт;395705
    Кожух замка зажигания ПАЗ левый;98,00 руб.;шт;395706
    Кожух замка зажигания ПАЗ правый;81,00 руб.;шт;395707
    Колодка торм ГАЗон НЕКСТ Fras-Le (к-т 4 шт) без датч;6 214,00 руб.;компл;395708
    Колодка торм ЗИЛ-5301 Бычок зад 80мм;359,00 руб.;шт;395709
    Колодка торм ПАЗ 32053 пер/задн н/о с роликом (мост Канаш, пневмоторм,АВС) (100мм);1 510,00 руб.;шт;395710
    Колонка рулевого управления 3205 ПАЗ в сб;2 850,00 руб.;шт;395711
    Кольца поршн 100,5 толст КЕНО !!!;1 589,00 руб.;компл;395712
    Кольца поршн 100,5 толст СТК !!!;1 784,00 руб.;компл;395713
    Кольца поршн 95,5 толст ГАЗ G-part;1 628,00 руб.;компл;395714
    Кольцо компрессора ПАЗ диам 72мм (к-т);480,00 руб.;компл;395715
    Комбинация приборов ПАЗ-3205,ЗИЛ-4331 12В н/о (тахом с приборами);3 820,00 руб.;шт;395716
    Компрессор МАЗ ЯМЗ-7511 (1 цил.270 л/мин) со шкивом _;12 147,00 руб.;шт;395717
    Компрессор ПАЗ 1 цил, водян охл.под шкив 245.дв.,ЗМЗ-5234 Хмельницк КХ 29.05.000 П/2 ;10 395,00 руб.;шт;395718
    Кран тормозной ПАЗ 3205 обратного действия с ручн.упр ПОЛТАВА;3 039,00 руб.;шт;395719
    Краник блока ЗИЛ большой (слива воды) ООО;248,00 руб.;шт;395720
    Крестовина Камаз-65115 в сб малая под стоп.кольцо (ф48 мм, длина 135 мм);980,00 руб.;шт;395721
    Кронштейн зеркала ПАЗ наруж прав (верх);400,00 руб.;шт;395722
    Кронштейн компрессора ПАЗ 3205 бенз дв.(Хмельницк);2 350,00 руб.;шт;395723
    Крышка подшипника первич вала КПП ЗИЛ-130 в сб;1 671,00 руб.;шт;395724
    Крышка расширительного бачка ПАЗ ВЕКТОР (ТИМЕР) (резьба как 3302);164,00 руб.;шт;395725
"    Лист рессоры ЗИЛ-5301 ""Бычок"" зад 1-й !!!";1 750,00 руб.;шт;395726
    Манжета кольцевая Д38 ПАЗ;8,00 руб.;шт;395727
    Мембрана тормозной камеры Тип 16 (диафрагма);116,00 руб.;шт;395728
    Мембрана тормозной камеры Тип-20 (диафрагма) ;167,00 руб.;шт;395729
    Мембрана тормозной камеры Тип-24 (диафрагма) Вакуум 3309;205,00 руб.;шт;395730
    Металлорукав короткий ПАЗ 45 см (ф60мм);1 260,00 руб.;шт;395731
    Модуль управления светотехникой ПАЗ Вектор Некст;2 260,00 руб.;шт;395732
    Молдинг боковины ПАЗ правой задний (2,43 м) _;235,00 руб.;шт;395733
    Муфта соединительная КПП ПАЗ;302,00 руб.;шт;395734
    Накладка торм ЗИЛ 130 шир 140 мм толщ 21х16 мм короткая не сверлен;188,00 руб.;шт;395735
    Накладка торм ПАЗ 3205/3204 мост Канаш шир 100 мм (1 шт) толщ 17х12 мм ;229,00 руб.;шт;395736
    Наконечник молдинга ПАЗ прав/лев (пластм);62,00 руб.;шт;395737
    Наконечник рул Вектор ПАЗ попер тяги правый (Газон Некст 10т);9 861,00 руб.;шт;395738
    Направляющая молдинга ПАЗ длинная (2,5 м);185,00 руб.;шт;395739
    Насос ГУР ПАЗ (с бачком и шкивом) (ШНКФ 3205-3407010);10 708,00 руб.;шт;395740
    Насос дополн отопит ПАЗ 24 Вольт ф 38 мм _;5 555,00 руб.;шт;395741
    Насос ручной топливный 245 дв  сталь Бычок;870,00 руб.;шт;395742
    Насос топливный 245 дв низкого давл Е2 без отв под эл клап (Ярославль);2 140,00 руб.;шт;395743
    Насос топливный 245 дв низкого давл Е2 с отв под эл/магнит (Ярославль);2 525,00 руб.;шт;395744
    Обмотка генератора ПАЗ 95А (статор);1 650,00 руб.;шт;395745
    Ограничитель двери ПАЗ пассажирской (пластина-упор);177,00 руб.;шт;395746
    Опора двери ПАЗ пассажирск нижн;195,00 руб.;шт;395747
    Ось дополнительной пружины ПАЗ;697,00 руб.;шт;395748
    Палец дополнит.пружины ПАЗ;520,00 руб.;шт;395749
    Палец крепления силового цил.ПАЗ;349,00 руб.;шт;395750
    Палец рул ПАЗ, 4331 (Бычок) Рязань с вкладыш с  пыльник (к-т 2 пальца) ;770,00 руб.;компл;395751
    Палец стойки стабилизатора ПАЗ-4230 Аврора!!!!;380,00 руб.;шт;395752
    Панель габаритная ПАЗ средняя _;190,00 руб.;шт;395753
    Панель передка ПАЗ угловая прав с кроншт под фару _;2 850,00 руб.;шт;395754
    Панель фарная ПАЗ лев пластмасс _;442,00 руб.;шт;395755
    Панель фарная ПАЗ пластмасс прав _;680,00 руб.;шт;395756
    Патрубок радиатора ПАЗ Вектор 534 дв нижний;330,00 руб.;шт;395757
    Переключатель клавиша 3110, ПАЗ плафона водит;328,00 руб.;шт;395758
    Переключатель клавиша 3110, ПАЗ Свет салона (3 конт);310,00 руб.;шт;395759
    Переключатель клавиша ПАЗ вентил отопителя салона (6 конт);449,00 руб.;шт;395760
    Переключатель клавиша ПАЗ обогр лобового стекла;372,00 руб.;шт;395761
    Переключатель клавиша ПАЗ омывания стекла;323,00 руб.;шт;395762
    Переключатель клавиша ПАЗ откр.пасс.двери;420,00 руб.;шт;395763
    Переключатель клавиша ПАЗ с/о;440,00 руб.;шт;395764
    Переключатель клавиша ПАЗ свет салона;328,00 руб.;шт;395765
    Переключатель поворота ПАЗ Вектор Некст 24В;2 262,00 руб.;шт;395766
    Переключатель поворота ПАЗ подрулевой;895,00 руб.;шт;395767
    Переключатель стеклооч ПАЗ Вектор Некст 24В;1 520,00 руб.;шт;395768
    Планка кронштейна насоса ГУР ПАЗ 3205;83,00 руб.;шт;395769
    Плафон салона ПАЗ прямоугольный 2902-3714 (12В);302,00 руб.;шт;395770
    Пневмораспределитель мех-ма откр дверей ПАЗ ПР-12-П 12В;4 680,00 руб.;шт;395771
    Подушка стойки стабилизатора КАВЗ ;564,00 руб.;шт;395772
    Подшипник шкворня ПАЗ (29908) опорный;725,00 руб.;шт;395773
    Покрытие напольное ПАЗ (1,12х5,5м);3 455,00 руб.;шт;395774
    Предохранитель против замерзания ЗИЛ,КАМАЗ (РААЗ);2 568,00 руб.;шт;395775
    Пробка радиатора ПАЗ,ЗиЛ (метал) больш;90,00 руб.;шт;395776
    Прокладка крышки ступицы ПАЗ;52,00 руб.;шт;395777
    Прокладки КПП ЗИЛ-130  (к-т);64,00 руб.;шт;395778
    Проставка переходника ТКР ГАЗ, ПАЗ дв. 245!!!!;349,00 руб.;шт;395779
    Пружина стяжная колодок ПАЗ (мост Канаш);320,00 руб.;шт;395780
    Пыльник рулевого пальца ПАЗ продольной тяги;85,00 руб.;шт;395781
    Пыльник рычага КПП ПАЗ верх (Колпак защитный);136,00 руб.;шт;395782
    Распылитель форсунки 245 дв (335-50) !!!;913,00 руб.;шт;395783
    Распылитель форсунки 245 дв (335-60) !!!;916,00 руб.;шт;395784
    Рассеиватель ПАЗ фонаря бол белый (105х85) заднего хода ;30,00 руб.;шт;395785
    Рассеиватель ПАЗ фонаря бол желт (105х85) указат поворота ;30,00 руб.;шт;395786
    Рассеиватель ПАЗ фонаря бол красный (105х85) стоп сигнала;29,00 руб.;шт;395787
    Рассеиватель ПАЗ фонаря малый белый (105х55) перед габарит;26,00 руб.;шт;395788
    Рассеиватель ПАЗ фонаря малый красный (105х55) зад габарит;35,00 руб.;шт;395789
    Регулятор давления воздуха ПАЗ, МАЗ, ЗИЛ, КамАЗ;2 091,00 руб.;шт;395790
    Регулятор давления воздуха с подкачкой КамАЗ,ЗИЛ,МАЗ,КАМАЗ, ПАЗ (ПААЗ);2 307,00 руб.;шт;395791
    Регулятор тормоза ПАЗ 32053,4234 прямой левый (трещетка) _;3 352,00 руб.;шт;395792
    Регулятор тормозных сил Камаз;3 649,00 руб.;шт;395793
    Рем комп гл торм цил ПАЗ РТИ;22,00 руб.;компл;395794
    Рем комп гл торм цил ПАЗ с поршн;455,00 руб.;шт;395795
    Рем комп защитного клапана ПАЗ двойного РТИ (7 наимен);41,00 руб.;компл;395796
"    Рем комп карбюратора ""Пекар"" К-135 МУ ";755,00 руб.;шт;395797
    Рем комп клапана мех-ма дверей ПАЗ Camozzi (5309343);431,00 руб.;компл;395798
    Рем комп механизма открыв дверей ПАЗ н/о РТИ (Восход);280,00 руб.;компл;395799
    Рем комп механизма открыв дверей ПАЗ с/о РТИ (Восход);259,00 руб.;компл;395800
    Рем комп пневмораспределителя открыв дверей ПАЗ KW-358 РТИ;428,00 руб.;компл;395801
    Рем комп РДВ ПАЗ РТИ с пружин (13 наимен) !!!;465,00 руб.;шт;395802
    Рем комп РДВ ПАЗ/МАЗ с подкачкой с пластик БРТ завод (12 наимен) _;180,00 руб.;шт;395803
    Рем комп РДВ ПАЗ/МАЗ с подкачкой с пластик ООО (12 наимен);52,00 руб.;шт;395804
    Рем комп РДВ ПАЗ/МАЗ с пружин и клапан  (6 наимен) !!!;149,00 руб.;шт;395805
    Рем комп силового цилиндра ГУР ПАЗ-3205 РТИ;246,00 руб.;компл;395806
    Решетка мотолюка ПАЗ большая пластмасс _;650,00 руб.;шт;395807
    Решетка мотолюка ПАЗ малая верхняя пластмасс _;440,00 руб.;шт;395808
    Решетка ПАЗ перед.прав. пластм _;505,00 руб.;шт;395809
    Ролик колодки ЗИЛ Бычок (вращ на оси);164,00 руб.;шт;395810
    Рычаг КПП ПАЗ ниж часть (4-х ступ);1 900,00 руб.;шт;395811
    Рычаг регулир торм колодок ЗИЛ-130 задн. (трещетка ) длинн ;1 082,00 руб.;шт;395812
    Рычаг стеклоочистит ПАЗ Вектор левый;1 650,00 руб.;шт;395813
    Рычаг стеклоочистит ПАЗ Н/О усиленн (шт);1 264,00 руб.;шт;395814
    Рычаг стеклоочистит ПАЗ С/О со щеткой левый (шт) (ЛИАЗ 51 см);1 111,00 руб.;шт;395815
    Рычаг стеклоочистит ПАЗ С/О со щеткой правый (шт) (ЛИАЗ 51 см);1 111,00 руб.;шт;395816
    Сальник ступицы ПАЗ,ЗИЛ передн (112х136) Черный;81,00 руб.;шт;395817
    Сальник хвостовика зад моста ЗИЛ красн (68х95х12/16) ;47,00 руб.;шт;395818
    Спидометр ПАЗ 3205 механич;1 658,00 руб.;шт;395819
    Стеклоочиститель ПАЗ 12В прав/лев в сб  (разворот 3307);4 258,00 руб.;шт;395820
    Стеклоочиститель ПАЗ 24В лев ;2 758,00 руб.;шт;395821
    Стеклоочиститель ПАЗ 24В прав;2 509,00 руб.;шт;395822
    Стремянка балансира 3205 ПАЗ L=223 мм (Канашский мост);266,00 руб.;шт;395823
    Стремянка рессоры ПАЗ 3205 задн  (м20 длина 350мм);656,00 руб.;шт;395824
    Стремянка рессоры ПАЗ 3205 передней (М16 длина 160мм);186,00 руб.;шт;395825
    Стремянка рессоры ПАЗ 4230 (Аврора ) зад  (м20 длина 390мм);579,00 руб.;шт;395826
    Стяжка бензобака ПАЗ;93,00 руб.;шт;395827
    Трос КПП ПАЗ 3204 L=0.97 м с кпп ZF ;2 025,00 руб.;шт;395828
    Трос ручного тормоза ПАЗ 3205 пер (98 см) класс ПРОФЕССИОНАЛ;380,00 руб.;шт;395829
    Трос спидометра ПАЗ-3205/3308 (305 см);341,00 руб.;шт;395830
    Трос спидометра ПАЗ-672,ЗИЛ (227 см);586,00 руб.;шт;395831
    Труба глушит ПАЗ 32053 (Евро-2,3) между глуш и катализатором (фланцы с 2-х сторон);1 521,00 руб.;шт;395832
    Труба глушит ПАЗ 32053 выхлопная левая;2 013,00 руб.;шт;395833
    Труба глушит ПАЗ 32053 приемн лев (фланец-фланец) ;1 746,00 руб.;шт;395834
    Труба глушит ПАЗ 32053 приемн прав (фланец-фланец) ;1 910,00 руб.;шт;395835
    Труба глушит ПАЗ-3205 средняя;480,00 руб.;шт;395836
    Труба приемная ПАЗ-3205 (фланец-хомут) лев;585,00 руб.;шт;395837
    Труба приемная ПАЗ-3205 (фланец-хомут) прав;461,00 руб.;шт;395838
    Трубка воздушная 3205 от компрессора до муфты (визник) (143см/медн 12мм) (гайка- гайка М18х1,5);667,00 руб.;шт;395839
    Трубка компрессора ПАЗ нагнетательная резин 36 см;251,00 руб.;шт;395840
    Трубка компрессора ПАЗ нагнетательная резин 45 см;240,00 руб.;шт;395841
    Трубка насоса ГУРа 3205 63см/10мм;510,00 руб.;шт;395842
    Трубка перепускная дв.245;400,00 руб.;шт;395843
    Трубка тормозная Медная 12х12 202 см ПАЗ 3205 от ГТЦ до тройника задн тормозов;511,00 руб.;шт;395844
    Турбокомпрессор ПАЗ Вектор 5343-30  Е-5 Чехия (С13-297-001) ;37 124,00 руб.;шт;395845
    Тяга переключения КПП с наконечником (кулиса) ПАЗ;3 360,00 руб.;шт;395846
    Тяга рул ПАЗ прод 1 изгиб Канашский мост;4 845,00 руб.;шт;395847
    Тяга рычага валика акселератора ПАЗ 3205;93,00 руб.;шт;395848
    Уплотнитель арки боковины ПАЗ (кант);155,00 руб.;шт;395849
    Уплотнитель двери пассажирской ПАЗ (к-т 8 шт) СЗРТ;1 766,00 руб.;компл;395850
    Утеплитель облицовки радиатора ПАЗ (к-т 4);975,00 руб.;шт;395851
    Фонарь габ боков ПАЗ Вектор, Лиаз желт светод (сквозн отв) (еврофишка) ;317,00 руб.;шт;395852
    Фонарь ПАЗ 3205 бол белый (117)  (105х85) заднего хода;85,00 руб.;шт;395853
    Фонарь ПАЗ 3205 бол желт (105х85) поворотник;85,00 руб.;шт;395854
    Фонарь ПАЗ 3205 бол красн (105х85) задн стоп;85,00 руб.;шт;395855
    Фонарь ПАЗ 3205 мал белый (ПФ-116) (105х55) передн габар;89,00 руб.;шт;395856
    Фонарь ПАЗ 3205 мал красн (116) (105х55) задн габарит;89,00 руб.;шт;395857
    Цилиндр силовой ГУР ПАЗ (ЦГ50-250) с шаровым пальцем;15 565,00 руб.;шт;395858
    Цилиндр сцепления главный ПАЗ 3205 с бачком (разворот М-408);1 350,00 руб.;шт;395859
    Цилиндр сцепления главный ПАЗ 4230 AGIS;5 037,00 руб.;шт;395860
    Цилиндр торм главн ПАЗ;3 612,00 руб.;шт;395861
    Цилиндр торм рабоч ПАЗ-3205 (саморазвод);3 190,00 руб.;шт;395862
    Шайба корректирующей пружины ПАЗ;52,00 руб.;шт;395863
    Шайба регулир шкворня ПАЗ;38,00 руб.;шт;395864
    Шкворень ПАЗ 3205 голый (1 шт);675,00 руб.;шт;395865
    Шланг воздушного фильтра ПАЗ 245 дв. угол (ф62хф50);416,00 руб.;шт;395866
    Шланг воздушного фильтра ПАЗ 245 дв. угол (ф62хф62);501,00 руб.;шт;395867
    Шланг ГУР ПАЗ нагнетат длинн (98 см гайка- гайка М16х1,5);458,00 руб.;шт;395868
    Шланг ГУР ПАЗ нагнетат коротк (длина 64 см гайка- гайка М16х1,5);395,00 руб.;шт;395869
    Шланг ГУР ПАЗ нагнетат средн (80 см гайка- гайка М16х1,5);427,00 руб.;шт;395870
    Шланг тормозной Камаз-6520 г/шт (мет в оплетке);280,00 руб.;шт;395871
    Шланг тормозной ПАЗ задн (пневмотормоз) 480 мм;263,00 руб.;шт;395872
    Шланг тормозной ПАЗ пер (46 см);224,00 руб.;шт;395873
    Шланг тормозной ПАЗ передн (пневмотормоз) 630 мм;278,00 руб.;шт;395874
    Шпилька колеса ПАЗ (болт с головк) Земляк с шейкой М20х1,5 дл 90 мм 3206 Правая (длина резьбы 30 мм;407,00 руб.;шт;395875
    Шпилька колеса ПАЗ (болт с головк) М20х1,5 дл 105 мм 4234,320412-3, КААЗ 8-ми шпилеч (длин резьб 56);266,00 руб.;шт;395876
    Шпилька колеса ПАЗ (болт с головк) М20х1,5 дл 95 мм 320402-03 (пневмоподв) (длина резьбы 50 мм);256,00 руб.;шт;395877
    Шпилька колеса ПАЗ (резьба с 2-х сторон) М20х1,5 длина 105 мм 320402-03 (рессорн) ;274,00 руб.;шт;395878
    Шпилька колеса ПАЗ (резьба с 2-х сторон) М20х1,5 длина 115 мм 320402(колодка 160 мм) ;258,00 руб.;шт;395879
    Шпилька колеса ПАЗ ЗИЛ передн М20х1,5х86 (болт с головкой) !!!;60,00 руб.;шт;395880
    Шпилька колеса ПАЗ ЗиЛ универс (РЗАА) (м 20х1,5 длина 102 мм) (резьба с 2-х сторон) !!!;109,00 руб.;шт;395881
    Штифт шкворня ПАЗ;70,00 руб.;шт;395882
    Штуцер компрессора ПАЗ угловой;385,00 руб.;шт;395883
    Штуцер маслопровода 240 дв;124,00 руб.;шт;395884
    Штуцер поворотный гидроцил.ПАЗ;366,00 руб.;шт;395885
    Щетка стеклооч ПАЗ Вектор 900мм;763,00 руб.;шт;395886
    Щетка стеклооч ПАЗ Н/О 700 мм (простая);414,00 руб.;шт;395887
    Щетка стеклооч ПАЗ С/О 510 мм ЛИАЗ левая;95,00 руб.;шт;395888
    Щетка стеклооч ПАЗ С/О 510 мм ЛИАЗ правая;95,00 руб.;шт;395889
"    Эмблема боковая ПАЗ 3205 ""3""!!!!";21,00 руб.;шт;395890
